"subnum","age","X115_a_full_arsl","X115_a_full_vln","X115_a_full_nat","X115_a_low_arsl","X115_a_low_vln","X115_a_low_nat","X115_a_med_arsl","X115_a_med_vln","X115_a_med_nat","X115_h_full_arsl","X115_h_full_vln","X115_h_full_nat","X115_h_low_arsl","X115_h_low_vln","X115_h_low_nat","X115_h_med_arsl","X115_h_med_vln","X115_h_med_nat","X115_s_full_arsl","X115_s_full_vln","X115_s_full_nat","X115_s_low_arsl","X115_s_low_vln","X115_s_low_nat","X115_s_med_arsl","X115_s_med_vln","X115_s_med_nat","X118_a_full_arsl","X118_a_full_vln","X118_a_full_nat","X118_a_low_arsl","X118_a_low_vln","X118_a_low_nat","X118_a_med_arsl","X118_a_med_vln","X118_a_med_nat","X118_h_full_arsl","X118_h_full_vln","X118_h_full_nat","X118_h_low_arsl","X118_h_low_vln","X118_h_low_nat","X118_h_med_arsl","X118_h_med_vln","X118_h_med_nat","X118_s_full_arsl","X118_s_full_vln","X118_s_full_nat","X118_s_low_arsl","X118_s_low_vln","X118_s_low_nat","X118_s_med_arsl","X118_s_med_vln","X118_s_med_nat","X43_a_full_arsl","X43_a_full_vln","X43_a_full_nat","X43_a_low_arsl","X43_a_low_vln","X43_a_low_nat","X43_a_med_arsl","X43_a_med_vln","X43_a_med_nat","X43_h_full_arsl","X43_h_full_vln","X43_h_full_nat","X43_h_low_arsl","X43_h_low_vln","X43_h_low_nat","X43_h_med_arsl","X43_h_med_vln","X43_h_med_nat","X43_s_full_arsl","X43_s_full_vln","X43_s_full_nat","X43_s_low_arsl","X43_s_low_vln","X43_s_low_nat","X43_s_med_arsl","X43_s_med_vln","X43_s_med_nat","X86_a_full_arsl","X86_a_full_vln","X86_a_full_nat","X86_a_low_arsl","X86_a_low_vln","X86_a_low_nat","X86_a_med_arsl","X86_a_med_vln","X86_a_med_nat","X86_h_full_arsl","X86_h_full_vln","X86_h_full_nat","X86_h_low_arsl","X86_h_low_vln","X86_h_low_nat","X86_h_med_arsl","X86_h_med_vln","X86_h_med_nat","X86_s_full_arsl","X86_s_full_vln","X86_s_full_nat","X86_s_low_arsl","X86_s_low_vln","X86_s_low_nat","X86_s_med_arsl","X86_s_med_vln","X86_s_med_nat","X87_a_full_arsl","X87_a_full_vln","X87_a_full_nat","X87_a_low_arsl","X87_a_low_vln","X87_a_low_nat","X87_a_med_arsl","X87_a_med_vln","X87_a_med_nat","X87_h_full_arsl","X87_h_full_vln","X87_h_full_nat","X87_h_low_arsl","X87_h_low_vln","X87_h_low_nat","X87_h_med_arsl","X87_h_med_vln","X87_h_med_nat","X87_s_full_arsl","X87_s_full_vln","X87_s_full_nat","X87_s_low_arsl","X87_s_low_vln","X87_s_low_nat","X87_s_med_arsl","X87_s_med_vln","X87_s_med_nat","X89_a_full_arsl","X89_a_full_vln","X89_a_full_nat","X89_a_low_arsl","X89_a_low_vln","X89_a_low_nat","X89_a_med_arsl","X89_a_med_vln","X89_a_med_nat","X89_h_full_arsl","X89_h_full_vln","X89_h_full_nat","X89_h_low_arsl","X89_h_low_vln","X89_h_low_nat","X89_h_med_arsl","X89_h_med_vln","X89_h_med_nat","X89_s_full_arsl","X89_s_full_vln","X89_s_full_nat","X89_s_low_arsl","X89_s_low_vln","X89_s_low_nat","X89_s_med_arsl","X89_s_med_vln","X89_s_med_nat"
1,70,"5","4","4","4","4","4","7","6","4","1","1","6","4","4","5","2","2","5","7","4","6","7","5","4","7","4","4","7","7","6","6","5","4","7","6","4","4","4","4","6","4","4","4","4","5","6","5","4","7","4","2","6","7","4","7","7","6","7","7","5","7","7","3","1","1","6","3","2","4","3","2","4","7","7","4","7","4","5","7","4","6","7","7","2","3","3","4","5","4","4","1","1","6","7","4","4","1","2","4","7","4","6","7","7","5","7","7","4","4","2","6","7","7","5","7","7","1","1","1","5","4","4","3","2","2","3","7","6","4","5","4","5","7","7","4","7","7","1","6","6","4","7","7","5","1","1","6","2","2","3","2","2","4","7","7","4","6","6","5","7","4","3"
2,53,"6","5","5","6","5","5","6","5","4","5","1","6","6","2","6","5","1","6","6","6","5","6","5","6","6","5","5","5","6","5","6","5","5","5","6","4","5","1","6","6","2","5","5","2","6","6","6","5","7","6","2","6","6","6","6","6","4","6","6","5","6","6","5","5","1","6","6","2","5","6","2","6","6","7","5","6","6","5","6","6","5","5","5","6","5","2","6","5","6","6","5","1","6","5","2","6","4","1","6","6","7","5","6","6","5","5","6","5","6","7","4","6","6","5","6","6","5","5","1","6","6","2","6","5","2","6","6","7","4","6","5","4","5","6","4","6","7","4","6","6","5","6","6","4","6","1","6","5","2","6","5","1","6","6","6","4","6","5","4","5","5","5"
3,29,"7","4","3","6","5","2","4","4","4","1","2","6","4","3","6","2","3","5","4","4","4","4","4","5","5","4","3","5","5","5","6","4","5","4","4","3","2","2","6","2","3","6","1","1","6","7","5","4","6","6","2","6","6","3","5","4","1","7","6","2","6","6","1","1","4","6","2","3","4","3","2","3","4","4","3","7","7","2","7","4","2","7","4","3","1","3","5","7","5","4","1","2","3","3","3","5","2","3","6","7","5","2","7","4","3","7","6","1","7","5","1","6","5","3","7","7","4","1","3","5","3","2","3","2","4","4","6","4","2","7","4","4","7","5","2","6","4","5","6","7","4","7","7","1","1","1","6","2","3","3","1","1","6","6","7","3","6","5","5","7","7","1"
4,62,"7","7","1","6","6","4","7","7","1","1","1","6","3","3","3","1","1","6","3","5","2","4","4","3","7","6","2","7","7","1","7","6","4","6","6","2","3","2","5","3","3","3","2","2","5","4","5","2","4","4","4","7","7","1","6","6","2","5","5","4","7","7","1","1","1","6","5","3","4","1","1","6","6","6","2","5","5","3","7","7","5","7","7","1","2","1","5","7","7","1","1","1","6","2","2","3","1","1","6","7","7","4","7","6","2","7","7","1","7","7","1","7","7","2","7","7","2","1","1","6","2","2","4","1","1","6","7","7","5","5","5","4","7","5","4","7","7","1","6","6","3","7","7","2","1","1","6","1","1","3","1","1","6","7","6","3","5","4","4","5","4","3"
5,39,"7","4","5","6","6","4","7","5","4","1","2","3","2","3","3","1","2","3","5","6","4","7","6","5","6","5","4","7","6","4","7","7","4","6","5","4","2","2","1","7","2","4","3","2","5","6","5","4","6","6","5","7","6","4","7","7","5","6","5","4","4","5","3","1","3","4","1","4","5","1","2","4","7","6","5","6","6","4","7","6","1","7","6","4","6","2","4","5","6","5","1","2","2","1","5","4","1","2","3","7","6","4","6","5","4","6","6","4","7","7","4","6","5","4","7","6","4","1","2","4","5","3","4","3","2","3","7","6","4","5","6","4","5","3","3","5","5","4","6","6","5","7","6","4","1","1","5","6","2","4","1","2","4","6","6","4","7","7","4","7","5","4"
6,27,"4","4","5","4","4","5","4","4","5","4","4","5","4","4","4","4","4","4","4","4","5","4","4","4","4","4","4","4","4","3","4","4","3","4","4","5","4","4","3","4","4","5","4","4","4","4","4","4","4","4","4","4","4","5","4","4","5","4","4","3","4","4","4","4","4","5","4","4","5","4","4","4","4","4","5","4","4","3","4","4","4","4","4","4","4","4","5","4","4","3","4","4","5","4","4","4","4","4","4","5","4","3","4","4","5","4","4","5","4","4","4","4","4","4","4","4","5","4","4","4","4","4","4","4","4","5","4","4","5","4","4","4","4","4","4","4","4","5","4","4","4","4","4","4","4","4","3","4","4","4","4","4","4","4","4","3","4","4","4","4","4","4"
7,55,"2","7","2","5","6","6","2","7","4","3","1","5","6","2","6","3","2","6","5","6","6","7","5","4","6","5","3","1","7","6","3","6","6","2","6","5","2","1","5","5","2","4","3","2","5","3","6","5","3","7","4","3","6","2","5","7","4","4","5","4","3","6","2","2","1","6","6","2","6","2","1","6","2","6","3","7","5","4","4","6","3","1","7","2","3","2","6","4","6","5","1","1","6","7","2","5","2","1","6","1","7","5","2","7","6","3","6","5","1","7","6","2","6","4","1","7","6","2","1","6","6","3","6","4","2","6","2","7","3","7","6","5","4","6","2","1","7","6","5","6","5","4","6","4","3","1","6","6","1","5","2","2","6","5","5","2","7","6","2","7","5","2"
8,28,"5","6","2","4","4","2","4","3","4","1","1","6","3","5","5","2","3","5","3","6","3","5","6","4","4","6","4","4","4","4","3","4","3","4","4","3","1","1","6","2","3","4","5","5","4","3","5","3","5","3","5","3","6","4","2","3","5","3","3","5","3","7","2","2","1","6","3","6","2","6","3","5","3","3","3","5","5","3","3","3","4","4","4","4","1","1","6","4","4","5","4","4","4","4","4","5","4","3","3","3","3","3","4","4","5","3","6","4","4","5","4","4","4","4","2","7","2","4","3","4","5","3","5","3","3","4","4","4","6","3","4","5","4","4","5","5","7","2","4","4","3","5","3","3","4","4","4","3","6","2","4","4","4","3","5","2","3","5","5","3","4","5"
9,42,"7","4","4","4","3","3","3","2","2","2","4","5","3","4","2","4","5","4","7","7","4","5","4","2","6","4","2","6","2","5","3","4","2","2","4","4","3","3","2","3","3","2","5","5","3","4","4","2","4","2","2","3","3","3","3","5","3","4","4","3","5","3","2","2","2","3","5","3","4","1","4","3","7","7","1","3","2","2","4","5","4","5","4","3","5","3","4","2","4","5","4","2","2","5","5","4","5","4","2","7","7","1","6","4","5","3","4","4","3","4","5","5","4","3","4","4","3","4","4","2","7","3","2","3","4","4","7","4","3","6","5","4","4","2","2","7","7","3","6","5","4","4","1","3","6","4","2","6","2","3","4","4","5","4","3","4","4","3","5","4","3","4"
10,48,"2","6","5","3","5","4","3","5","5","4","2","5","4","3","1","4","3","1","2","5","6","3","5","5","6","5","2","1","7","6","5","5","5","2","7","5","3","2","1","5","4","2","6","3","1","3","5","5","2","6","5","3","6","5","2","6","5","2","6","4","3","6","6","2","2","3","3","3","4","4","2","1","3","6","4","3","5","5","5","5","2","2","6","5","6","4","2","2","6","6","2","2","2","3","3","4","7","3","3","3","6","2","3","6","3","4","4","2","6","5","2","3","5","2","2","7","5","7","6","1","4","3","2","5","2","1","3","7","6","6","4","2","4","5","2","4","6","2","2","6","5","3","6","4","3","2","1","6","4","1","4","3","1","2","6","3","7","4","5","3","5","4"
11,35,"5","4","5","1","3","3","1","4","3","1","1","6","1","3","5","1","4","5","1","4","5","1","1","6","1","3","4","1","1","4","1","4","5","7","4","4","4","4","4","5","4","5","5","4","4","1","4","2","1","4","3","1","1","6","4","4","4","1","4","5","1","4","5","1","4","5","1","4","5","1","1","5","7","1","5","4","4","5","1","1","2","4","4","4","1","4","5","1","4","2","4","3","3","1","4","5","1","4","3","6","5","4","1","4","5","7","3","5","1","3","5","1","1","5","7","4","2","1","1","6","1","1","5","5","4","5","1","1","5","1","4","2","1","3","5","1","3","4","4","4","3","1","4","5","5","4","4","1","6","5","4","4","4","4","4","4","4","4","4","5","4","5"
12,68,"7","5","2","7","6","2","6","5","1","3","2","6","3","1","6","4","1","5","6","3","2","4","5","2","6","3","2","6","7","2","6","4","3","6","6","2","6","5","2","7","6","2","6","3","2","7","6","2","7","6","2","7","7","2","7","2","3","3","5","4","6","6","2","5","2","3","5","3","5","5","3","5","6","4","2","6","6","4","7","3","2","7","7","2","5","2","4","7","6","2","4","2","2","6","6","5","4","2","6","6","5","2","6","5","2","5","5","4","6","6","1","7","3","4","7","5","2","4","2","5","4","1","6","4","3","5","7","5","5","6","5","2","6","5","2","7","6","2","6","3","2","7","6","2","4","2","5","4","2","5","3","2","5","7","7","2","5","3","4","6","5","2"
13,66,"7","4","2","4","4","2","4","4","2","3","2","4","3","2","5","3","3","5","5","4","2","6","5","2","5","5","4","2","6","3","4","4","5","5","5","2","4","4","4","4","3","2","3","7","1","3","6","5","7","4","2","5","5","2","4","5","2","4","4","3","4","4","3","3","3","4","5","6","1","3","2","5","3","6","4","5","5","4","5","6","4","5","5","4","3","2","5","5","4","4","2","1","6","2","2","5","4","2","4","6","5","2","5","5","2","3","5","2","7","4","1","3","6","5","7","5","2","3","2","5","5","5","6","3","3","4","7","4","1","5","4","2","4","5","2","6","7","1","5","5","2","7","5","1","2","1","6","2","1","6","3","2","4","7","6","2","7","7","1","7","5","1"
14,62,"2","2","5","5","4","3","4","4","3","5","2","6","5","2","3","3","1","6","5","4","3","4","3","3","4","3","4","4","3","3","7","4","3","4","4","4","5","3","4","6","4","3","7","7","2","7","4","3","5","3","5","4","3","3","5","5","1","7","5","3","4","4","3","4","2","5","5","3","6","5","5","5","4","5","2","3","3","3","5","3","3","3","1","6","6","3","3","7","4","2","3","1","6","4","2","5","2","1","6","4","2","6","5","5","5","3","3","3","3","6","2","5","4","4","7","6","2","2","1","6","3","1","6","4","3","5","4","3","2","7","7","2","5","4","3","5","5","1","3","3","4","3","3","3","5","2","6","3","1","6","4","3","3","7","7","1","5","4","4","7","5","2"
15,21,"4","4","2","2","5","2","2","5","3","3","4","3","4","5","2","3","5","2","5","2","5","4","4","4","3","2","5","4","6","2","3","5","2","3","5","2","2","5","2","3","2","3","3","5","2","4","3","3","2","6","2","2","5","2","3","5","4","3","3","2","3","4","4","2","5","2","3","5","2","3","5","2","1","6","1","3","5","2","3","3","2","3","5","2","3","6","2","3","6","1","3","4","2","5","2","5","2","7","1","2","6","2","2","6","1","1","6","2","3","4","2","2","4","2","3","6","1","4","3","2","2","4","1","3","6","2","1","7","1","2","6","2","3","5","2","3","4","4","3","5","2","1","7","1","3","5","2","3","3","2","3","6","2","3","6","2","2","6","2","2","7","1"
16,26,"6","4","2","3","5","3","5","4","2","5","6","2","6","3","1","5","2","4","2","1","3","5","7","1","2","4","4","3","1","3","2","6","1","4","7","1","2","5","3","4","7","5","4","4","2","3","4","5","2","4","6","7","2","2","6","1","3","2","4","2","2","1","2","3","6","6","5","4","2","4","3","5","3","1","2","2","2","4","5","7","5","4","2","4","2","4","1","2","1","3","3","5","6","5","3","2","5","3","5","3","5","6","3","4","2","3","1","3","6","4","6","4","7","2","5","4","4","6","4","4","5","7","2","6","4","2","2","1","2","2","1","2","1","4","5","3","1","6","2","7","2","3","5","6","3","4","4","4","7","5","3","1","5","5","3","5","6","4","5","5","3","2"
17,65,"7","4","2","7","4","4","7","4","1","7","2","5","7","3","5","7","2","5","7","4","2","7","4","2","7","4","2","7","5","2","7","4","3","7","4","5","7","6","1","7","4","4","7","4","3","7","4","5","7","5","4","7","6","2","7","7","1","7","3","5","7","7","1","7","4","2","7","4","5","7","3","5","7","6","1","7","5","4","7","5","2","7","7","1","7","4","2","7","4","5","7","3","5","7","3","5","7","3","5","7","5","1","7","4","2","7","5","2","7","6","1","7","4","1","7","7","1","7","2","5","7","3","5","7","2","5","7","6","1","7","4","2","7","5","2","7","4","1","7","6","2","7","4","1","7","2","3","7","2","5","7","3","5","7","5","1","7","5","3","7","5","2"
18,47,"7","6","5","7","6","5","7","6","5","6","2","5","7","2","4","6","2","5","7","6","5","7","6","5","5","2","5","7","6","5","7","2","5","7","2","5","7","2","5","7","6","5","7","6","5","7","6","5","7","6","5","7","6","5","7","6","5","7","6","5","7","6","5","7","1","5","7","2","5","7","2","5","7","6","5","7","6","5","6","6","5","7","6","5","6","6","5","7","6","5","7","6","5","7","2","5","7","2","5","7","6","5","7","2","5","7","6","5","7","6","5","7","6","5","7","6","5","7","2","5","6","2","5","6","6","5","7","7","5","7","6","5","7","2","5","7","6","5","7","6","5","7","2","5","7","3","5","7","2","5","7","1","5","7","2","5","7","6","5","7","2","5"
19,42,"6","6","2","6","6","3","6","5","2","3","3","5","3","2","3","6","7","3","6","6","2","6","6","2","7","7","1","5","5","2","6","6","2","6","6","1","5","7","1","6","5","2","6","6","2","6","5","3","7","5","2","7","6","2","6","6","2","5","6","2","6","6","2","6","6","2","3","3","3","6","3","2","4","4","5","6","5","2","6","4","5","5","6","1","6","6","2","6","6","2","2","3","6","3","3","4","5","6","2","5","6","2","5","6","2","6","7","2","6","6","2","6","6","2","5","5","2","2","2","5","6","7","2","3","2","3","6","6","1","5","6","3","6","6","2","6","6","2","6","6","2","6","6","2","6","7","2","6","7","2","2","3","4","6","6","2","6","6","2","6","6","2"
20,67,"7","6","1","5","5","3","7","6","1","1","2","5","1","3","6","1","3","6","5","6","3","6","5","3","6","5","2","6","5","2","6","5","3","7","6","2","2","3","5","2","3","4","1","3","6","6","5","2","5","5","4","7","6","2","7","7","1","5","6","3","7","6","1","2","3","5","3","4","4","2","3","4","7","6","3","5","6","3","6","5","4","7","6","1","2","3","5","7","6","1","1","2","6","2","3","6","3","5","6","5","4","5","6","5","3","5","3","5","7","6","1","6","5","4","7","6","2","1","2","5","2","4","4","1","3","2","7","5","2","6","5","3","7","5","1","7","7","1","7","6","2","7","6","1","1","3","5","1","3","6","1","6","4","6","5","1","5","3","3","7","6","1"
21,23,"4","7","6","4","5","3","4","4","3","3","2","5","5","4","5","2","6","4","7","5","3","5","6","4","5","4","5","6","4","2","4","5","2","4","1","4","1","2","5","3","2","3","3","5","3","2","5","1","3","5","6","7","6","2","5","7","3","5","5","3","5","5","4","1","2","6","3","3","5","4","2","5","6","6","5","4","4","5","3","3","4","2","5","3","3","4","5","7","6","3","3","2","5","4","4","5","3","2","5","5","7","4","4","5","4","5","6","5","7","7","5","3","7","5","7","5","3","4","3","5","2","5","4","3","3","3","6","6","5","5","6","5","5","4","6","7","7","2","4","4","3","6","5","4","1","1","6","5","3","3","3","3","5","6","6","4","6","6","5","6","5","5"
22,28,"5","5","1","7","6","1","7","7","4","1","1","6","3","3","4","1","1","5","4","4","3","4","3","3","5","4","4","7","7","2","5","6","2","4","4","4","1","3","5","4","3","3","3","3","3","7","7","2","6","5","2","4","4","5","7","7","1","7","7","1","6","6","2","1","1","6","1","1","6","4","4","4","5","6","5","4","3","3","6","6","5","7","7","2","3","3","4","5","4","4","1","1","6","1","1","3","1","1","6","7","6","2","6","4","3","4","3","3","7","7","3","7","7","5","7","2","3","1","1","6","1","1","6","1","1","6","4","3","3","6","6","3","5","5","4","7","7","1","6","6","3","7","1","1","1","1","6","1","1","3","1","1","5","5","5","4","5","5","2","4","4","4"
23,69,"3","6","3","4","5","4","3","6","2","1","1","6","4","4","5","3","2","5","3","5","4","3","5","3","5","6","2","1","7","2","4","5","3","3","6","3","2","1","6","4","4","4","3","4","4","3","5","3","3","5","5","3","5","3","2","7","2","3","5","3","3","5","4","1","1","6","3","3","4","3","2","5","2","7","5","5","5","2","3","5","3","1","7","2","3","2","5","3","6","3","1","1","6","3","2","5","3","2","5","1","7","3","3","6","4","4","5","4","1","7","6","3","6","4","2","6","2","2","1","6","3","3","4","2","2","5","3","6","2","4","5","4","5","5","2","1","7","2","4","6","5","2","6","2","1","1","6","3","3","4","2","1","5","3","6","2","5","5","2","4","5","3"
24,65,"1","7","1","2","6","2","2","6","2","1","1","6","4","1","6","2","1","5","2","6","2","6","5","2","2","5","2","1","7","1","6","5","3","5","6","2","2","2","3","4","2","5","2","2","4","2","5","4","7","4","5","4","6","2","1","7","1","3","7","1","1","7","1","1","1","5","5","2","5","2","2","5","2","7","1","4","5","2","3","7","1","1","7","1","2","2","5","2","6","1","1","1","6","4","3","5","2","2","5","1","7","1","1","7","1","4","6","1","1","7","1","4","6","2","2","6","2","1","1","6","2","2","5","2","2","5","1","7","1","6","5","2","4","6","2","1","7","1","2","6","1","4","6","2","1","1","5","2","1","6","2","2","5","2","6","1","4","5","2","7","5","3"
25,42,"7","7","1","7","7","1","7","7","1","1","1","6","1","1","6","1","1","6","7","7","1","7","7","1","7","4","4","7","7","1","7","7","1","7","7","1","1","1","6","1","1","6","1","1","6","7","7","1","7","4","2","7","7","1","7","7","1","7","7","1","7","7","1","1","1","6","1","1","6","1","1","6","1","7","1","7","7","1","7","7","1","6","7","1","1","1","6","7","7","1","1","1","6","1","1","6","1","1","6","7","7","1","7","7","1","7","7","1","7","7","1","7","7","1","7","7","1","1","1","1","1","1","6","1","1","6","7","7","1","7","4","2","7","4","2","7","7","6","7","7","1","7","7","1","1","1","6","1","1","6","1","1","6","7","7","1","7","4","2","7","7","1"
26,66,"3","5","5","3","5","5","5","6","4","2","1","6","5","3","3","2","3","5","3","5","5","7","4","5","7","5","5","4","5","5","4","5","5","4","5","5","1","1","5","3","3","5","1","1","6","6","4","5","6","6","5","3","5","3","4","5","4","7","5","5","3","5","5","1","1","5","3","3","5","2","1","5","2","6","5","7","4","5","4","5","5","3","5","5","5","1","6","3","5","5","1","1","5","3","3","5","1","1","6","3","6","5","3","5","5","4","6","4","1","7","5","5","6","3","3","6","5","2","2","2","7","4","6","2","2","5","3","5","4","5","4","5","4","5","4","2","7","5","7","5","5","3","6","5","1","1","5","3","2","1","3","2","2","4","5","5","7","4","5","6","4","5"
27,55,"1","7","1","7","7","1","1","7","1","1","1","6","1","1","6","1","1","6","3","2","2","7","7","1","7","7","1","7","7","1","2","7","1","6","7","1","1","1","6","2","1","5","1","1","6","1","7","1","7","7","1","7","7","1","1","7","1","1","7","1","7","7","1","1","1","6","2","2","5","2","2","5","7","7","1","6","5","2","6","5","2","1","7","1","1","1","6","7","7","1","1","1","6","3","1","6","1","1","6","7","7","1","5","5","2","2","6","2","1","7","1","1","7","1","7","7","1","5","1","6","2","2","5","7","4","1","7","7","1","7","5","2","6","5","2","7","7","1","7","7","1","1","7","1","4","1","6","1","1","6","1","1","6","7","6","2","5","5","2","7","7","1"
28,78,"5","3","3","5","4","4","5","3","6","4","2","5","5","3","4","5","3","6","4","3","5","5","4","5","4","2","3","5","4","4","5","4","4","5","4","5","5","4","5","5","4","5","5","4","4","5","4","3","5","5","2","5","4","5","5","4","4","4","4","3","4","4","3","5","4","4","5","3","5","5","4","4","5","6","2","5","4","3","5","4","4","5","5","3","5","4","5","5","4","4","4","2","5","5","3","5","5","3","4","5","4","4","5","5","2","5","4","4","4","4","2","5","3","4","5","5","2","4","2","5","5","2","4","4","1","5","5","2","5","5","3","5","5","4","2","5","4","4","5","3","3","5","3","4","5","4","5","5","2","5","5","2","1","5","4","5","5","5","4","5","4","3"
29,39,"7","7","5","5","4","3","7","7","1","5","4","3","6","6","5","7","4","4","7","7","2","6","6","2","7","7","6","7","7","1","4","4","3","7","1","3","4","3","3","4","3","3","4","4","4","7","7","6","7","7","6","7","7","2","7","7","2","7","7","6","7","7","6","6","6","5","6","6","5","5","4","4","7","7","1","7","7","1","7","7","6","6","6","3","5","4","4","6","5","2","7","4","4","5","4","4","5","4","4","7","7","2","7","7","2","7","7","2","6","6","5","4","4","5","7","7","2","2","2","5","4","3","3","5","5","4","5","4","3","5","4","3","7","7","6","7","7","5","5","5","4","7","7","1","1","1","5","5","4","4","4","4","3","7","7","2","5","4","5","7","7","3"
30,30,"2","7","2","6","5","3","4","3","3","1","2","5","5","4","4","3","3","3","3","3","4","7","7","1","7","6","2","5","4","2","5","5","1","2","5","3","1","1","5","5","3","6","2","4","5","4","4","2","6","5","4","4","5","4","1","7","5","5","6","5","3","5","2","1","1","5","5","5","2","3","2","5","3","3","4","7","6","2","3","2","4","1","7","6","4","3","3","5","4","4","1","1","6","2","1","6","2","1","3","3","4","4","3","1","4","3","5","2","1","7","5","7","6","2","4","5","4","3","2","6","3","2","3","3","3","5","4","6","6","7","5","1","6","5","3","3","6","5","6","6","2","2","2","5","1","1","6","5","3","5","2","2","5","4","5","3","6","7","2","5","4","4"
31,36,"4","4","3","4","4","3","4","4","4","3","3","5","3","4","4","3","3","5","2","3","5","4","4","4","3","4","5","3","5","2","4","4","4","3","5","3","4","5","4","4","4","3","3","3","5","4","4","3","3","4","4","4","4","4","3","5","4","5","6","4","4","4","3","7","5","2","3","3","4","5","4","3","4","3","5","7","7","2","7","5","2","4","4","3","4","4","3","4","4","4","3","2","4","4","4","3","3","3","4","3","4","4","4","4","4","3","4","3","3","4","4","4","4","3","4","5","4","2","2","5","4","4","3","2","2","5","5","5","3","4","4","4","4","4","4","3","5","3","3","4","4","4","4","3","4","4","4","4","4","3","4","4","4","3","3","5","3","4","5","5","4","4"
32,51,"4","3","4","4","4","4","3","5","4","5","5","2","3","5","2","4","5","2","3","3","5","3","3","4","4","4","4","4","3","4","5","4","2","5","4","5","5","5","2","5","6","2","4","5","3","4","4","5","5","3","3","3","4","4","4","5","4","5","5","4","4","4","4","5","6","2","4","3","4","4","2","5","4","4","5","4","4","5","4","3","4","4","4","3","4","3","4","6","5","2","3","3","3","4","4","4","3","2","4","5","4","4","4","5","3","4","3","4","5","5","4","4","3","5","4","4","4","4","5","2","5","5","1","4","5","2","4","3","4","4","4","4","4","3","4","4","4","5","3","3","5","4","4","4","5","5","2","5","5","2","4","5","2","4","4","4","4","4","4","4","4","5"
33,72,"3","5","4","3","5","4","4","5","4","3","2","3","4","3","4","3","7","3","4","5","4","3","5","4","3","5","4","3","6","4","3","5","4","4","6","4","3","2","4","3","2","4","4","2","4","3","6","3","4","5","4","4","5","4","6","6","4","3","5","4","3","6","4","3","2","4","4","2","4","3","2","4","4","6","4","4","5","4","4","5","4","4","5","4","4","2","4","3","5","4","3","3","4","3","2","4","4","2","4","3","6","4","4","5","4","4","5","4","3","6","4","3","5","4","3","5","4","3","3","3","4","2","4","4","2","4","4","5","4","3","4","4","4","4","4","3","6","4","4","5","4","3","6","4","3","2","4","4","2","4","4","3","4","3","5","4","4","4","4","4","5","4"
34,41,"4","4","3","5","4","5","4","4","4","1","4","5","1","4","3","1","4","5","4","5","3","5","5","4","7","6","3","3","5","3","5","4","5","4","4","4","1","4","6","4","4","4","4","4","4","5","4","4","1","4","3","6","6","4","6","5","3","5","4","4","5","4","5","1","4","4","1","3","4","4","4","5","3","5","4","4","4","5","7","4","5","6","4","4","1","3","3","5","4","4","1","4","4","4","4","4","1","4","5","6","6","5","7","5","5","7","6","4","5","4","4","5","4","4","4","4","4","1","4","3","2","4","4","3","4","4","6","5","4","5","4","4","3","5","3","7","4","3","4","4","4","6","5","5","1","1","5","2","4","5","1","1","5","7","4","3","4","5","4","5","4","5"
35,52,"3","2","6","1","2","5","1","1","1","2","3","2","3","6","6","5","1","6","6","7","5","4","5","4","5","4","3","3","2","3","3","6","3","3","3","1","4","3","1","2","5","6","1","5","3","6","6","3","3","3","1","5","3","4","3","5","2","2","3","5","2","2","1","2","2","3","2","3","6","2","6","2","4","2","2","2","3","5","5","3","6","3","2","2","3","3","1","3","3","6","1","1","5","5","7","4","2","4","5","2","1","1","6","6","2","5","4","5","5","1","2","3","2","2","6","5","4","1","3","4","4","5","2","6","3","3","3","6","3","6","3","3","5","6","6","5","5","4","5","1","2","3","2","3","6","5","6","7","2","3","5","6","5","4","4","6","2","2","2","5","5","5"
36,53,"4","6","4","4","5","4","4","6","5","4","2","4","4","3","4","4","1","5","4","5","4","3","5","5","4","5","4","4","5","4","4","5","3","4","5","5","4","2","4","4","4","5","4","3","4","3","6","4","4","5","4","4","5","5","4","5","4","4","5","4","4","6","4","4","1","4","4","3","3","4","1","4","4","7","5","3","5","3","4","5","3","4","6","3","4","2","5","4","6","4","3","1","4","4","3","3","4","2","4","4","7","4","4","6","4","4","6","3","3","6","4","4","5","4","4","6","5","4","1","5","3","3","5","4","1","4","4","7","4","4","5","4","4","5","3","4","6","4","4","5","4","4","5","4","4","1","5","4","2","4","4","1","5","4","5","4","4","5","3","4","6","4"
37,33,"7","7","3","7","4","5","7","4","4","7","4","1","7","4","4","7","4","5","7","7","3","7","4","6","7","5","6","7","4","1","7","3","6","7","4","3","1","1","6","7","4","5","7","4","6","7","7","2","7","4","3","7","7","3","7","4","5","7","5","5","7","7","1","7","4","2","7","6","5","7","4","4","7","4","5","7","4","5","5","5","3","5","5","2","7","7","6","7","4","3","7","5","5","7","4","6","7","4","1","7","4","4","7","7","5","7","4","4","7","5","5","7","7","2","7","5","3","7","4","3","7","6","3","2","3","5","7","5","2","7","4","2","7","4","3","7","3","5","7","4","4","7","4","3","7","4","3","7","4","1","7","7","1","7","4","3","7","6","5","7","4","4"
38,28,"7","6","4","5","5","4","7","6","2","1","1","5","2","2","5","2","2","5","6","5","2","5","5","2","7","5","2","7","6","2","7","5","2","6","5","2","1","1","6","3","2","5","2","2","5","5","5","3","5","5","1","6","6","2","6","5","2","5","5","3","6","6","3","1","1","5","1","1","5","2","2","4","7","5","2","5","5","2","7","5","1","6","6","2","3","2","2","7","5","1","1","1","6","2","2","5","2","2","5","5","5","4","7","5","2","5","5","2","7","7","2","6","6","2","7","6","2","1","1","4","1","1","5","2","2","6","5","5","4","7","5","2","6","6","1","7","7","3","7","6","2","6","5","3","1","1","5","2","1","5","2","2","5","5","5","2","5","5","3","5","5","3"
39,38,"1","1","6","4","4","5","1","1","6","1","1","4","4","4","2","4","4","1","1","1","6","1","1","6","1","1","6","1","1","6","1","1","6","1","1","6","7","7","1","4","4","3","4","4","1","1","1","6","4","1","5","1","1","6","1","1","6","4","4","3","1","1","6","1","1","3","1","3","3","1","4","4","1","1","6","1","1","6","1","1","6","1","1","6","1","1","6","1","1","6","4","4","4","1","1","6","1","1","6","1","1","6","1","1","6","1","1","6","1","1","6","1","1","6","1","1","6","4","4","2","4","4","2","4","4","3","1","1","6","4","4","2","1","1","5","1","1","6","1","1","6","1","1","6","4","4","1","4","7","2","4","4","1","1","1","6","1","1","6","1","1","6"
40,38,"1","7","1","6","4","1","6","6","3","6","4","1","6","5","4","6","2","5","6","4","1","6","5","3","6","5","3","6","5","5","5","5","3","6","6","3","6","4","1","6","4","1","6","3","4","5","5","3","7","7","1","6","4","1","7","7","1","6","6","2","6","7","2","6","1","6","6","3","4","6","2","5","6","7","1","6","6","2","1","7","1","6","5","2","5","3","4","6","4","1","1","7","1","6","3","3","6","7","1","6","4","1","1","7","1","6","7","3","6","7","3","1","7","1","6","6","2","6","2","4","6","2","3","6","4","1","6","7","2","7","7","1","6","7","3","6","6","2","6","6","2","6","5","2","6","1","5","6","3","3","1","7","1","1","7","1","6","4","1","1","7","1"
41,67,"6","4","1","5","4","1","6","6","1","4","5","1","4","3","2","4","4","2","7","4","1","7","7","1","4","4","1","5","5","2","4","4","3","4","4","3","5","3","4","3","3","4","4","3","4","4","4","3","4","4","2","7","4","1","4","4","1","5","5","2","5","4","2","4","3","3","3","2","4","3","3","4","6","6","1","7","4","2","4","4","1","4","4","2","4","4","4","5","5","2","3","3","4","4","3","3","3","3","4","7","4","1","5","5","2","5","5","2","6","6","1","6","5","1","5","5","1","4","4","3","3","3","4","4","3","4","6","6","1","4","4","2","6","6","1","6","6","1","5","4","1","5","5","2","5","3","3","3","3","3","3","3","3","4","4","2","4","4","2","4","4","2"
42,40,"7","7","1","7","7","2","7","7","2","1","1","5","1","1","5","1","1","5","7","7","2","5","5","2","5","5","2","7","7","1","5","3","2","7","7","2","1","1","5","1","1","5","1","1","5","7","4","4","4","4","2","7","7","2","7","7","1","7","7","2","4","4","2","1","1","5","1","1","5","1","1","5","7","7","2","6","5","1","7","5","2","7","7","2","1","1","5","4","6","2","1","1","5","1","1","5","7","4","3","7","5","2","5","6","2","7","7","1","7","7","2","7","4","2","7","7","1","1","1","5","1","1","5","1","1","5","7","6","2","7","7","2","4","4","5","7","7","2","7","7","2","7","7","1","4","4","3","4","1","3","1","1","3","7","7","2","7","5","2","5","5","2"
43,55,"3","5","3","3","5","5","2","5","5","2","1","4","3","2","5","3","2","5","3","5","5","4","5","5","2","5","5","2","6","5","4","4","5","3","5","5","2","1","5","3","3","5","3","2","5","4","5","5","4","5","5","2","6","5","1","7","5","3","5","3","2","6","3","2","1","5","3","3","4","3","2","4","1","7","5","3","6","5","3","6","5","2","6","4","3","2","5","2","7","5","2","1","5","3","3","4","2","2","5","1","6","5","2","6","5","4","6","4","2","6","4","3","5","4","3","6","4","2","2","5","3","3","5","2","2","5","2","6","5","3","5","5","3","6","5","2","6","3","4","5","5","2","6","4","2","1","5","3","2","5","2","2","5","3","6","4","3","5","5","3","5","5"
44,75,"7","7","6","7","7","3","6","6","4","1","1","6","2","2","6","1","1","6","5","5","6","7","5","6","4","5","6","7","7","6","4","5","5","7","6","5","1","1","6","3","3","5","2","2","4","5","4","5","4","5","5","5","5","2","7","7","2","5","5","4","5","5","3","1","1","6","2","2","5","2","2","6","7","7","2","7","7","6","5","5","4","7","7","6","2","2","5","7","7","2","1","1","6","2","2","5","1","1","6","7","7","6","5","6","5","6","6","5","7","7","2","5","6","4","7","7","5","2","2","5","2","2","6","2","2","5","7","7","1","6","5","5","5","5","3","7","7","4","6","5","5","7","7","5","1","1","6","2","2","4","1","1","6","5","5","4","6","5","4","6","5","4"
45,32,"7","3","5","2","3","3","6","3","2","3","5","4","3","3","5","3","4","4","5","7","4","7","7","4","7","6","3","6","4","3","5","4","4","5","4","4","5","6","4","5","2","5","7","2","1","6","5","6","6","2","3","3","2","2","7","5","5","3","2","3","7","1","3","6","6","4","3","2","4","7","1","3","6","5","5","5","2","1","4","4","6","5","7","5","6","5","4","3","2","4","4","6","6","4","5","6","3","1","1","5","7","5","5","4","3","7","4","2","7","5","5","5","5","4","5","6","5","6","2","4","5","6","5","5","3","4","4","6","5","2","2","3","6","3","2","4","5","5","3","3","2","4","4","4","5","7","6","4","7","6","1","3","3","4","6","5","2","1","2","4","6","6"
46,22,"7","6","4","7","6","2","7","4","2","7","3","3","4","4","2","7","3","3","4","6","4","4","4","4","4","4","4","7","4","3","4","5","3","7","5","3","7","1","6","4","3","3","7","2","3","4","4","4","7","5","2","7","7","1","7","5","4","7","4","3","7","4","5","7","4","4","7","4","3","7","4","1","7","5","4","7","5","4","7","6","2","7","7","4","7","4","3","4","4","4","7","1","6","7","4","3","7","4","2","7","4","2","4","4","2","7","6","1","7","7","2","7","7","1","7","5","2","7","3","2","7","7","1","7","2","5","7","7","2","7","4","5","7","4","5","7","6","2","7","5","4","7","6","2","7","4","3","7","6","2","4","4","4","7","7","2","7","4","4","7","6","2"
47,76,"2","7","4","3","5","4","2","6","3","2","1","5","2","2","5","3","1","5","5","7","3","4","4","5","2","6","4","2","6","4","4","5","4","3","5","4","2","2","5","5","3","1","3","3","4","3","6","3","5","5","2","2","6","4","1","7","5","3","5","2","2","6","5","2","2","5","3","3","2","5","2","3","5","7","5","3","5","2","2","6","4","2","6","5","3","2","4","2","6","5","1","1","6","2","2","5","2","1","6","2","6","4","2","6","5","5","6","4","1","7","3","3","5","2","2","7","5","2","2","5","3","4","3","2","1","6","6","6","2","5","6","3","4","5","3","1","7","5","3","6","3","2","7","2","2","1","6","6","3","2","2","2","6","3","7","3","5","5","4","4","5","3"
48,43,"5","4","1","5","4","2","5","4","1","5","4","5","5","3","6","5","4","5","5","4","2","5","4","2","5","4","2","5","4","2","5","4","2","5","4","2","6","4","3","5","4","4","5","4","4","5","4","2","7","6","4","7","6","2","5","4","1","5","4","2","5","4","1","5","4","5","5","4","4","5","4","5","5","4","2","5","4","2","5","4","1","5","4","1","5","4","4","5","4","2","5","4","3","5","4","4","4","4","6","6","4","1","5","4","2","5","4","2","6","4","1","5","4","2","5","4","1","4","4","5","5","4","6","5","4","5","5","4","1","5","4","2","5","4","1","5","4","1","5","4","1","7","6","2","5","3","6","5","4","4","5","4","6","5","4","1","6","4","2","7","4","2"
49,40,"7","4","5","7","4","3","7","6","4","7","6","4","7","4","5","7","5","3","7","4","4","7","4","5","7","5","4","7","5","4","7","4","5","7","5","5","7","4","5","7","4","4","7","4","5","7","4","4","7","4","6","7","4","5","7","6","5","7","6","4","7","6","5","7","4","5","7","4","5","7","6","3","7","4","5","7","4","5","7","4","5","7","4","5","7","4","5","7","4","5","7","4","5","7","4","5","7","2","5","7","7","5","7","5","4","7","6","5","7","6","5","7","6","4","7","6","4","7","4","4","7","4","5","7","4","5","7","4","5","7","4","5","7","6","5","7","4","5","7","4","5","7","5","4","7","4","5","7","4","4","7","4","4","7","4","5","7","4","5","7","6","4"
50,72,"6","7","2","6","6","5","6","6","2","4","1","5","6","1","5","5","1","5","5","6","5","5","5","5","6","6","5","5","6","2","7","4","5","6","6","5","6","1","5","5","2","5","6","3","5","6","5","5","6","5","5","6","7","5","6","6","5","5","6","5","6","6","2","7","2","5","6","3","5","5","2","5","6","6","5","7","6","2","6","7","5","5","6","5","5","2","5","5","7","5","4","1","5","5","2","5","6","2","5","6","7","5","6","6","5","6","5","5","3","7","5","5","6","5","5","7","5","4","1","5","5","2","5","5","1","5","7","6","2","6","5","5","6","6","2","5","7","2","5","5","5","6","6","5","4","1","5","3","1","5","3","1","5","6","6","2","7","5","5","6","5","5"
51,27,"7","5","3","1","3","3","5","5","4","4","4","4","1","1","3","6","4","3","7","5","3","4","4","4","5","6","5","7","5","2","5","3","4","4","4","3","1","1","5","5","4","3","5","3","3","5","5","4","4","3","3","5","4","3","6","3","5","4","4","3","5","4","5","5","5","5","5","6","3","5","4","4","5","4","3","7","5","5","5","5","5","6","5","4","1","4","3","5","5","5","5","4","3","6","3","4","4","3","3","7","7","5","4","3","5","7","4","4","6","6","5","7","6","4","5","4","4","4","3","4","4","4","5","5","4","4","5","5","5","6","5","4","6","4","3","6","3","3","4","4","3","6","4","4","6","5","5","6","6","5","4","3","4","4","4","4","4","4","4","4","4","3"
52,78,"2","6","4","4","4","5","2","7","4","1","1","5","3","2","4","2","2","5","2","6","4","3","5","3","3","6","4","2","7","5","1","7","5","1","7","5","1","1","5","4","4","2","2","2","5","1","7","5","6","5","4","2","6","4","1","7","3","1","7","5","1","7","3","1","1","5","3","3","2","2","2","4","3","7","2","3","6","3","2","6","4","1","7","4","3","2","3","1","7","5","1","1","5","1","1","6","1","1","6","2","6","3","3","7","4","2","7","5","1","7","3","3","5","3","1","7","5","1","1","5","2","2","5","2","1","5","2","7","5","2","6","4","3","6","4","1","7","2","1","7","3","1","7","4","1","1","5","2","2","4","1","1","6","3","6","2","3","6","2","3","6","2"
53,60,"6","7","3","7","7","5","7","7","4","5","4","4","5","4","4","3","1","1","2","7","1","7","4","2","7","6","2","5","3","1","7","2","3","7","4","2","5","4","2","7","3","3","1","4","4","7","6","2","6","3","1","7","7","5","7","7","3","7","3","2","1","1","3","7","2","5","7","5","6","7","4","5","2","1","3","7","5","2","7","5","4","2","2","1","7","4","2","7","7","1","3","3","5","5","3","3","7","7","6","7","7","1","7","7","4","7","7","5","7","7","5","1","2","1","6","2","3","7","7","6","7","4","5","2","3","4","7","7","6","7","7","2","5","4","6","7","7","5","7","4","2","7","7","2","7","1","6","7","6","4","7","7","1","7","3","4","6","4","5","7","7","4"
54,56,"5","4","3","5","4","2","7","6","1","5","3","5","5","4","2","3","3","5","5","5","3","5","4","2","7","7","6","6","4","2","5","5","2","7","7","1","6","4","3","5","4","3","4","3","4","7","6","2","5","4","2","6","6","2","7","6","2","7","6","3","5","4","3","4","3","4","5","4","3","4","4","3","6","5","2","4","4","3","6","6","2","5","4","2","4","3","4","5","4","3","4","4","3","5","4","3","4","3","4","7","7","3","5","4","3","6","4","2","5","4","3","5","4","3","7","6","2","4","3","4","5","4","2","5","4","2","5","4","3","5","4","2","7","6","2","7","7","2","7","6","2","5","4","2","5","4","3","5","3","4","4","2","4","5","4","2","6","4","2","6","6","2"
55,67,"6","5","4","7","5","5","7","6","1","7","3","2","6","3","5","7","2","4","7","5","6","7","5","4","7","6","2","7","5","4","7","4","5","7","5","5","7","2","1","7","3","3","7","1","4","7","4","5","7","4","4","7","4","5","7","6","2","5","6","5","7","5","5","7","1","4","7","3","5","6","2","5","7","4","4","7","4","5","7","6","3","7","5","3","7","2","5","7","5","2","5","1","5","7","3","5","6","2","5","7","6","2","7","5","4","7","6","3","6","7","1","7","5","3","5","7","3","6","1","5","7","4","5","7","3","2","6","4","2","7","4","5","7","5","4","7","4","1","7","5","4","7","4","5","7","1","1","7","3","5","6","1","6","7","5","1","7","4","6","7","5","5"
56,55,"4","4","2","4","4","4","3","3","4","3","3","5","4","2","5","4","2","6","4","4","4","4","4","5","4","4","3","3","4","3","3","4","2","4","3","2","3","3","3","5","3","3","3","4","4","3","2","4","4","4","4","4","4","5","5","4","2","3","4","2","6","4","4","4","4","4","3","4","4","5","2","4","3","4","2","4","4","3","3","4","2","4","3","2","4","4","4","3","6","2","3","4","4","3","6","3","5","2","5","4","4","4","4","4","3","4","4","3","4","4","3","4","4","4","4","4","2","4","4","5","4","4","3","3","1","5","3","6","2","5","4","5","5","4","2","2","7","1","4","6","5","5","4","5","4","4","4","4","4","5","3","4","5","5","4","3","4","6","2","4","4","4"
57,53,"5","5","2","5","5","3","5","6","2","3","2","4","3","3","5","4","4","3","5","6","3","4","3","3","5","6","2","5","5","3","5","5","4","4","4","3","3","3","4","3","3","4","4","4","3","6","6","3","4","4","3","5","6","2","6","7","2","5","5","3","4","4","3","3","2","3","4","3","4","3","2","3","6","6","2","4","5","4","4","4","3","4","4","3","4","2","3","4","4","4","4","4","3","4","3","3","3","2","5","5","6","3","6","6","3","4","4","3","5","6","3","6","6","2","4","4","3","3","3","5","3","3","3","3","2","5","6","5","3","5","5","3","5","5","4","2","7","2","6","6","2","5","6","3","2","1","5","3","2","3","4","4","3","6","4","2","3","4","3","4","5","3"
58,39,"7","7","1","4","5","3","7","7","1","1","1","6","3","3","5","2","1","6","7","6","2","4","5","2","4","5","2","7","7","1","7","5","2","3","6","2","1","1","6","4","3","3","7","2","5","5","5","3","4","5","2","7","7","1","7","6","2","7","5","3","4","5","2","1","1","6","3","2","5","1","1","6","7","7","1","4","5","2","7","6","2","7","7","1","7","2","5","4","7","1","1","1","6","4","3","5","4","2","5","1","7","1","4","7","1","7","5","2","7","7","1","7","6","2","7","7","1","1","1","6","2","2","5","1","1","6","7","7","1","3","5","2","5","6","2","1","7","1","4","6","2","7","7","1","1","1","6","7","3","5","3","2","5","7","6","2","4","5","2","7","5","2"
59,39,"5","2","2","3","2","4","4","3","2","3","3","3","5","3","3","2","1","2","4","3","3","5","4","4","1","3","5","7","7","6","5","4","3","2","2","3","3","5","4","5","5","4","4","2","3","3","1","3","5","4","4","6","3","4","2","2","4","4","3","1","6","4","3","4","5","4","3","3","6","4","5","5","7","7","6","3","3","1","4","4","3","3","3","3","3","7","3","1","7","4","3","4","3","3","4","4","4","4","5","5","3","4","2","3","4","4","2","3","3","2","3","4","5","4","3","2","3","2","3","3","5","5","3","3","3","1","3","5","3","4","3","5","4","5","2","7","7","1","3","3","4","6","6","5","2","3","4","5","4","3","3","3","2","4","5","6","4","1","4","4","4","3"
60,71,"4","4","4","4","4","4","4","4","4","4","4","4","4","4","4","4","4","4","4","4","4","4","4","4","4","4","4","4","4","4","4","4","4","4","4","4","4","4","4","4","4","4","4","4","4","4","4","4","4","4","4","4","4","4","4","4","4","4","4","4","4","4","4","4","4","4","4","4","4","4","4","4","4","4","4","4","4","4","4","4","4","4","4","4","4","4","4","4","4","4","4","4","4","4","4","4","4","4","4","4","4","4","4","4","4","4","4","4","4","4","4","4","4","4","4","4","4","4","4","4","4","4","4","4","4","4","4","4","4","4","4","4","4","4","4","4","4","4","4","4","4","4","4","4","4","4","4","4","4","4","4","4","4","4","4","4","4","4","4","4","4","4"
61,70,"4","3","4","5","5","3","7","5","4","7","1","6","4","3","4","6","3","4","2","5","4","3","5","3","3","5","4","4","5","3","4","5","4","4","4","4","6","3","4","3","5","3","5","3","2","3","5","3","3","5","4","2","6","2","3","5","2","3","6","4","3","6","2","3","2","5","4","3","4","4","3","4","3","5","4","7","5","2","2","6","4","4","4","4","4","3","2","3","5","5","2","2","5","3","3","4","3","3","4","1","7","6","5","7","6","3","5","4","3","5","2","3","5","5","3","5","4","6","3","4","3","3","4","2","2","5","3","5","3","3","5","4","3","5","4","2","7","6","7","5","3","2","6","5","5","3","5","4","3","4","6","3","4","3","6","2","6","4","3","5","5","3"
62,63,"5","6","2","4","6","5","4","6","3","2","1","5","2","2","6","2","1","6","5","6","6","3","5","5","4","6","5","7","6","3","7","6","3","5","7","5","2","1","5","3","2","5","5","1","5","3","5","3","6","5","4","6","6","4","7","7","1","6","5","3","7","6","4","3","1","5","3","2","6","2","1","6","4","7","5","5","5","2","5","6","2","6","6","2","5","2","6","7","6","1","4","1","4","5","2","6","4","1","3","6","6","5","5","6","5","5","6","4","5","7","1","5","6","4","6","6","3","3","1","5","5","2","6","3","1","6","5","6","2","6","5","5","5","5","5","6","7","1","5","6","4","6","7","4","2","1","5","4","1","6","4","1","6","4","6","4","5","5","5","5","5","5"
63,71,"5","4","3","5","4","4","6","4","2","3","2","5","4","4","4","5","4","4","4","4","3","4","4","4","5","4","3","5","4","4","4","4","4","4","5","3","3","2","3","6","4","3","4","4","4","4","4","4","5","4","3","5","4","4","5","4","3","3","4","3","5","4","3","3","4","5","4","3","4","4","4","4","4","4","4","5","4","4","5","4","4","3","5","2","5","4","4","4","4","4","5","4","4","5","4","4","4","4","5","4","4","5","5","4","6","4","4","3","3","5","5","4","4","3","3","4","2","4","4","3","3","2","5","3","3","5","5","4","5","6","4","2","4","4","3","5","4","3","5","4","3","5","4","2","3","3","5","4","4","5","4","4","5","6","5","5","6","4","3","5","4","4"
64,34,"7","7","3","7","5","3","1","1","6","1","1","6","1","1","6","1","1","6","7","7","3","3","4","6","5","5","4","5","7","5","6","4","5","7","6","2","4","1","5","4","3","4","4","1","6","5","4","3","5","5","6","6","4","4","7","5","4","7","1","5","7","7","1","1","1","6","7","4","3","1","1","6","7","6","5","6","5","5","7","6","3","5","5","5","2","1","6","7","1","6","3","2","6","1","1","6","7","2","6","5","5","5","6","5","5","6","4","4","6","7","6","7","5","4","5","6","4","7","4","1","2","3","6","1","1","6","5","5","2","7","5","2","4","7","3","6","6","4","4","4","3","7","7","1","1","1","6","6","1","5","4","2","4","6","5","4","7","6","1","5","5","5"
65,72,"4","7","2","4","5","3","4","5","2","4","2","5","4","3","5","4","3","5","4","6","4","4","5","5","4","5","3","4","6","5","4","4","3","4","5","4","3","2","5","4","3","5","4","1","5","4","4","5","4","5","5","4","6","5","4","6","2","4","5","4","4","6","5","4","1","5","3","2","3","4","2","5","4","6","5","4","5","4","4","6","5","4","7","5","4","2","5","4","6","3","3","1","6","4","2","5","3","1","6","3","5","3","4","5","4","4","5","5","4","7","5","4","5","5","4","6","4","4","2","5","4","3","5","4","2","5","4","5","4","4","5","3","3","5","3","4","7","2","4","6","5","4","6","5","4","2","5","4","3","5","3","2","5","4","6","5","5","5","5","4","5","5"
66,49,"7","4","3","7","4","2","7","4","3","7","4","4","7","2","5","7","2","5","7","6","4","7","5","3","7","5","3","7","6","4","7","4","3","7","6","4","7","2","5","7","3","4","7","2","4","7","4","4","7","6","3","7","6","3","7","4","3","7","4","3","7","6","3","7","4","3","7","4","3","7","4","3","7","4","3","7","5","4","7","6","4","7","7","2","7","4","4","7","6","2","7","4","3","7","4","3","7","4","3","7","4","3","7","7","3","7","4","4","7","4","3","7","5","4","7","4","3","7","4","3","7","3","4","7","4","3","7","6","3","7","5","2","7","4","3","7","4","3","7","4","3","7","5","2","7","2","5","7","4","3","7","4","3","7","4","4","7","6","2","7","5","2"
67,36,"7","6","3","3","3","3","7","6","3","3","2","5","3","3","6","2","2","5","7","7","6","3","5","3","4","3","5","7","7","1","4","5","2","6","5","2","5","4","3","4","4","4","7","6","3","7","7","1","4","5","3","7","7","1","7","3","1","7","5","4","7","7","1","3","3","3","7","7","1","7","7","1","5","4","3","6","4","1","7","7","3","7","4","3","4","3","3","7","7","6","4","4","3","7","4","3","3","3","3","7","4","5","7","7","1","4","4","2","7","7","1","7","7","1","7","6","1","4","3","4","4","5","4","4","4","3","7","7","1","6","4","3","5","5","2","7","7","3","7","7","1","5","6","4","4","3","3","5","3","3","3","3","5","6","4","3","5","5","1","7","7","1"
68,68,"3","6","3","3","5","3","2","6","2","2","2","5","2","2","5","3","3","5","3","6","5","3","5","4","2","6","5","3","6","4","3","5","3","3","4","3","2","2","5","7","4","4","3","3","4","3","5","3","3","5","4","2","7","5","2","6","2","3","5","5","2","6","2","2","2","5","3","3","4","3","3","3","2","7","5","3","5","4","2","6","5","4","4","3","4","4","3","3","6","4","2","2","5","3","3","4","2","2","5","2","6","5","2","6","5","3","6","5","3","6","2","3","5","3","3","5","3","2","2","5","3","3","4","2","2","5","2","6","5","3","5","4","3","6","4","2","6","2","3","5","4","3","6","3","2","2","4","3","2","4","3","2","5","3","5","4","3","5","3","2","6","5"
69,25,"7","7","6","6","6","1","4","2","5","3","1","6","1","1","6","1","1","6","7","7","1","5","4","3","7","5","2","4","2","5","7","7","2","7","7","2","4","1","3","1","1","6","1","1","6","7","7","1","4","4","3","4","2","6","7","7","6","7","6","2","7","7","1","1","2","5","3","1","5","4","1","5","7","7","1","3","2","5","4","5","2","7","7","1","1","1","6","7","7","1","1","1","6","1","1","6","1","1","5","7","7","1","7","6","2","7","7","1","7","6","5","7","7","1","7","7","1","1","1","6","1","1","6","5","1","5","5","5","5","6","6","1","7","6","1","7","7","1","5","5","2","7","7","1","1","1","6","2","1","5","1","1","6","7","7","1","6","6","3","6","6","3"
70,66,"7","7","1","5","5","2","6","6","2","1","1","6","1","1","6","1","1","6","7","6","2","5","5","2","6","5","2","7","6","2","4","5","2","7","5","2","2","2","5","4","3","5","5","2","4","5","5","2","6","5","2","7","7","1","6","6","2","6","6","2","7","7","1","1","1","6","3","2","5","3","2","5","7","6","2","3","6","2","4","4","4","6","6","5","2","2","5","6","6","2","2","2","6","6","6","5","2","2","5","7","7","1","6","6","2","6","6","2","7","7","1","6","6","2","7","6","2","4","2","6","5","3","5","2","2","5","6","6","2","5","5","2","5","5","2","6","6","2","5","6","2","7","6","2","1","1","6","5","2","5","2","2","5","6","6","2","5","5","2","7","5","2"
71,41,"6","5","2","5","5","5","6","5","4","2","2","5","2","2","5","1","1","5","5","5","4","5","4","3","6","6","2","5","6","5","6","5","2","3","5","3","6","3","5","3","2","4","2","3","4","5","5","3","3","4","4","6","7","1","6","5","5","6","6","2","7","7","1","2","2","4","2","3","5","2","2","5","6","5","3","7","5","4","7","4","3","6","6","3","3","2","4","7","7","2","4","3","3","3","3","3","2","2","5","6","7","2","3","7","2","6","5","3","7","7","1","4","5","2","5","6","2","2","1","6","3","2","4","1","1","6","6","5","3","7","7","6","7","2","4","6","7","1","5","5","2","7","7","1","1","1","5","6","3","4","2","2","5","6","6","2","6","6","2","6","6","2"
72,26,"4","3","2","3","2","4","3","4","5","2","4","1","6","6","6","1","3","2","3","2","1","4","3","4","4","2","3","2","5","2","4","1","3","4","3","3","4","5","3","7","3","3","2","1","3","2","3","3","4","3","3","4","2","4","3","3","3","2","3","3","3","4","2","4","3","1","5","2","3","3","3","5","3","1","3","2","2","3","4","4","6","3","2","4","3","2","3","3","3","5","1","5","1","5","5","5","2","3","5","6","3","2","6","3","4","5","3","5","3","1","2","3","4","2","3","3","4","2","2","3","3","2","2","2","3","5","5","2","4","3","2","4","2","3","2","5","2","4","3","6","1","4","2","3","5","4","2","3","2","3","5","6","3","2","2","1","2","3","2","4","2","4"
73,73,"3","5","3","4","4","3","4","4","3","3","2","5","3","3","3","3","3","5","4","4","3","4","4","3","4","4","4","3","6","4","4","4","4","4","4","4","3","5","2","4","4","1","4","4","1","4","4","3","4","4","3","3","5","4","3","5","1","4","4","4","4","4","3","3","5","3","4","5","4","4","4","4","4","4","3","4","4","3","3","5","4","4","4","3","4","3","4","3","5","3","3","3","5","5","5","3","3","3","5","2","6","2","3","5","4","3","5","4","3","6","5","4","4","3","3","5","3","3","3","5","4","4","3","3","3","5","4","4","1","4","4","3","4","4","3","4","4","3","4","4","3","3","5","4","3","3","3","4","4","2","3","3","5","3","5","2","4","4","2","4","4","3"
74,68,"4","5","5","7","4","5","5","5","5","7","4","5","6","3","5","4","2","5","4","5","5","6","5","5","7","4","5","7","4","5","6","5","5","3","5","5","3","2","5","5","3","5","5","3","5","6","5","5","5","5","5","5","5","5","3","6","4","5","5","5","5","5","5","7","4","5","7","4","5","4","3","5","3","6","3","6","4","5","4","6","5","4","5","5","7","4","5","4","6","3","3","2","5","5","3","5","4","2","5","7","4","5","7","4","5","3","6","5","4","6","3","4","5","5","4","6","4","4","2","5","5","3","5","6","3","5","7","4","5","6","5","5","5","5","5","7","4","5","6","5","5","4","5","5","4","2","5","5","2","5","4","2","5","3","6","4","6","5","5","5","5","5"
75,70,"4","5","2","5","4","2","5","5","1","2","2","6","3","3","3","3","2","6","3","6","5","3","5","5","4","4","2","3","5","5","4","4","3","5","4","4","3","3","4","3","3","5","3","3","3","5","5","1","4","4","3","4","4","3","4","4","2","5","4","4","5","4","2","3","4","3","5","4","3","3","3","3","3","5","5","6","5","4","5","5","4","4","4","2","5","5","2","7","4","1","1","1","6","3","2","6","2","3","5","3","4","2","3","6","6","3","5","3","5","5","2","5","5","2","6","5","1","3","3","5","4","3","5","3","2","5","6","5","1","5","5","2","4","4","3","5","4","1","6","4","1","5","4","6","3","3","5","3","3","3","3","3","5","5","4","2","7","4","2","4","4","3"
76,44,"4","4","5","5","5","2","1","3","3","4","4","4","4","4","5","2","2","5","1","4","3","4","4","2","2","4","5","4","4","5","4","4","4","4","4","5","4","4","5","4","4","2","3","4","2","4","4","5","4","4","5","3","4","3","2","6","1","4","4","5","4","4","5","3","4","5","2","4","2","4","4","4","2","4","5","4","4","3","3","4","4","1","6","4","3","4","5","4","4","3","4","4","5","4","4","5","4","4","5","4","4","5","6","5","2","3","4","2","1","4","5","4","4","5","4","4","5","3","4","5","4","4","3","4","4","4","4","4","5","1","3","5","3","4","4","2","5","5","4","4","5","4","4","4","4","4","5","4","4","5","4","4","4","1","4","3","5","4","5","4","4","5"
77,63,"3","6","5","4","5","2","4","6","2","3","2","5","3","3","5","3","2","5","4","5","4","7","5","5","4","5","2","4","5","3","4","5","2","4","5","2","3","2","5","3","2","3","3","2","5","5","4","3","7","4","3","4","5","3","4","6","2","4","5","2","5","6","1","2","1","6","3","3","3","3","3","3","5","6","4","6","5","3","5","5","3","4","4","2","4","3","3","7","4","2","3","2","5","3","2","6","2","2","5","3","6","5","4","6","3","4","5","5","4","6","4","4","5","2","4","6","2","3","2","5","3","2","5","3","3","3","4","6","4","5","5","3","4","6","3","4","6","2","4","6","4","4","6","2","2","1","6","3","2","5","3","2","5","4","5","2","4","5","4","4","5","3"
78,69,"6","5","2","6","6","2","6","6","2","2","3","5","3","3","4","2","3","5","6","6","2","6","5","2","6","6","2","6","6","2","6","5","2","6","6","2","2","3","5","3","4","4","2","2","5","6","6","2","5","6","2","6","2","2","6","5","2","5","6","2","6","5","2","3","3","4","2","4","5","2","3","5","6","5","2","6","5","2","6","3","2","6","5","2","3","3","5","6","6","2","2","2","5","3","3","4","3","2","3","6","6","2","6","5","2","6","5","2","7","6","2","6","6","2","5","6","2","3","2","5","4","3","5","2","3","5","5","5","2","6","5","2","6","6","2","6","5","2","4","4","3","6","5","2","2","2","5","3","3","5","2","3","5","6","6","2","6","5","2","6","5","2"
79,41,"7","7","2","4","4","5","6","6","2","1","1","6","3","3","2","1","1","6","6","6","2","4","4","3","7","4","2","7","7","2","7","7","2","7","5","5","2","3","2","1","1","6","6","6","1","7","7","6","7","7","5","7","7","3","5","6","3","6","7","2","7","6","5","1","1","2","2","1","5","3","2","5","6","6","2","7","7","1","7","6","2","7","7","2","1","1","6","7","7","6","2","6","5","1","1","6","1","1","5","4","3","5","6","6","3","6","6","3","6","6","2","7","7","2","7","7","3","3","2","5","5","4","1","1","2","5","6","7","5","7","6","5","6","7","2","7","7","2","7","7","6","7","7","5","1","1","6","1","1","5","3","1","5","5","7","1","5","4","3","5","5","3"
80,57,"4","5","1","4","5","3","4","4","3","3","1","6","3","2","6","3","2","5","4","4","2","3","4","4","3","4","3","4","5","3","4","5","4","3","5","3","3","2","5","4","3","5","3","2","5","3","5","4","3","5","3","4","5","3","4","4","2","4","4","2","4","4","2","3","2","5","4","3","5","3","2","5","3","5","5","4","5","3","4","5","3","4","5","1","3","3","5","3","4","1","3","1","6","4","3","5","2","1","6","4","6","4","4","5","4","4","5","5","4","5","1","3","6","2","4","5","1","3","2","5","3","2","6","4","3","5","4","5","2","5","4","2","4","5","2","3","6","1","4","5","1","4","6","1","3","2","5","4","3","6","2","2","6","4","6","1","4","3","3","5","5","2"
81,76,"7","5","2","7","5","4","7","5","4","5","2","3","6","3","4","6","2","3","6","5","4","7","5","4","7","5","4","7","5","4","7","5","4","7","5","4","5","2","2","7","3","4","6","2","3","7","3","4","7","5","4","7","4","4","6","6","3","7","5","4","7","5","4","6","2","3","7","3","4","6","2","3","7","5","4","7","3","4","7","3","4","6","6","3","6","3","5","6","6","2","6","2","2","7","3","4","6","2","3","6","6","2","6","5","4","6","6","3","7","5","3","7","4","3","5","6","3","6","3","4","7","3","4","6","2","3","6","6","3","7","5","4","7","5","4","6","6","3","7","5","3","7","5","4","6","2","3","6","2","4","6","2","3","7","5","4","7","5","4","7","5","4"
82,59,"5","6","5","3","6","5","4","6","5","2","2","5","3","3","5","2","1","5","5","5","5","4","5","5","5","5","5","4","4","5","4","5","5","5","5","5","2","2","4","4","3","3","3","2","5","3","5","5","4","5","4","7","7","5","7","6","3","3","6","4","4","5","5","3","2","5","3","2","5","4","2","6","5","6","4","5","5","4","6","7","4","5","6","5","3","3","5","4","6","5","2","1","5","3","3","5","3","2","3","6","6","5","4","5","5","3","7","6","3","7","5","4","6","4","2","7","6","3","2","4","3","3","4","3","3","5","5","6","5","4","5","5","5","5","5","4","7","4","3","6","5","4","6","4","3","1","6","3","2","5","3","2","5","3","6","4","4","4","5","5","5","5"
83,71,"7","4","2","7","4","2","7","4","5","7","4","5","7","4","5","7","4","5","7","4","2","7","4","2","7","4","2","7","4","5","7","4","2","7","4","2","7","4","4","7","4","2","7","4","4","7","4","2","7","4","2","7","4","2","7","4","5","7","4","2","7","4","3","7","4","5","7","4","3","7","4","3","7","4","2","7","4","2","7","4","2","7","4","2","7","4","5","7","4","2","7","4","3","7","4","2","7","4","3","7","4","2","7","4","3","7","4","2","7","4","2","7","4","2","7","4","2","7","4","5","7","4","5","7","4","5","7","4","2","7","4","5","7","4","5","7","4","1","7","4","2","7","4","2","7","4","5","7","4","5","7","4","5","7","4","2","7","4","5","7","4","2"
84,70,"5","5","6","5","5","4","5","5","5","2","2","5","3","3","5","3","3","5","4","6","2","6","5","3","5","5","4","3","6","2","5","5","5","4","5","2","2","2","6","5","3","5","3","3","4","5","5","4","6","5","5","3","6","5","3","6","3","5","5","4","4","5","4","1","1","6","3","2","5","3","3","4","2","6","4","5","5","5","4","5","4","2","6","5","4","3","5","3","5","5","1","1","5","5","3","5","2","2","6","1","6","4","5","5","4","4","6","5","1","7","5","4","5","5","3","5","5","1","1","6","3","3","4","2","2","5","2","6","5","5","5","5","4","5","4","2","6","4","4","5","3","3","5","4","1","2","6","3","2","5","2","2","6","4","5","2","6","5","5","4","5","3"
85,58,"7","4","1","7","4","2","7","4","4","7","3","6","7","3","5","7","3","5","7","4","3","7","4","4","7","4","2","7","4","3","7","4","4","7","4","2","7","3","5","7","4","3","7","4","4","7","4","4","7","5","4","7","4","3","7","6","2","7","4","2","7","5","3","7","4","3","7","4","4","7","4","2","7","4","3","7","4","3","7","4","3","7","4","3","7","4","5","7","4","2","7","4","4","7","4","5","7","4","5","7","4","2","7","4","3","7","4","4","7","4","1","7","4","2","7","4","2","7","4","5","7","4","5","7","4","5","7","4","2","7","4","3","7","4","2","7","4","2","7","4","3","7","4","2","7","4","5","7","4","5","7","4","5","7","4","2","7","4","5","7","4","2"
86,72,"5","7","5","3","6","4","3","6","2","2","2","6","3","2","5","2","2","5","3","6","5","4","5","5","3","6","5","2","6","3","5","4","5","3","6","5","2","2","6","3","3","6","3","3","3","3","3","5","5","5","4","3","6","5","2","6","3","3","6","4","2","6","2","2","1","6","3","3","4","3","2","6","2","7","6","5","5","5","2","7","5","1","7","2","3","2","6","3","6","5","2","1","6","2","2","5","2","2","6","2","6","6","2","6","6","3","6","5","2","6","2","4","5","4","2","6","3","2","2","6","4","3","5","2","2","6","2","6","3","3","5","6","2","6","4","2","6","2","6","4","4","2","6","2","2","1","6","3","2","5","3","2","6","3","6","3","6","5","5","3","6","3"
87,58,"7","7","1","7","5","5","7","7","6","1","1","6","3","2","4","1","1","6","2","5","6","3","2","5","4","6","5","7","7","2","5","4","4","5","6","4","2","1","5","2","1","6","1","1","6","3","5","3","6","6","4","1","1","1","7","7","1","5","4","4","5","7","3","1","1","6","1","1","6","1","4","5","6","6","4","6","5","2","7","7","6","7","7","1","3","2","3","2","2","3","1","1","3","1","1","4","1","1","3","7","7","5","7","7","1","1","7","6","7","7","1","7","7","6","7","7","6","1","2","4","3","2","4","1","1","6","7","6","3","1","1","6","7","6","4","1","7","1","5","3","4","5","5","4","1","1","6","1","1","6","1","1","3","7","5","4","7","4","5","4","3","3"
88,57,"7","4","5","7","4","5","7","4","5","7","4","5","7","4","5","7","4","5","7","4","5","7","4","5","7","4","5","7","4","5","7","4","5","7","4","5","7","4","5","7","4","5","7","4","4","7","4","5","7","4","5","7","4","5","7","4","5","7","4","5","7","4","5","7","4","5","7","4","5","7","4","5","7","4","5","7","4","5","7","4","5","7","4","5","7","4","5","7","4","5","7","4","5","7","4","3","7","4","5","7","4","5","7","4","5","7","4","5","7","4","5","7","4","5","7","4","5","7","4","5","7","4","5","7","4","5","7","6","4","7","4","5","7","4","5","7","4","5","7","4","5","7","4","5","7","4","5","7","4","5","7","4","5","7","4","5","7","4","5","7","4","5"
89,23,"4","3","5","1","1","4","7","6","1","2","4","4","1","1","6","1","1","6","2","2","5","2","2","3","4","3","5","4","2","4","5","4","2","6","6","2","1","2","5","5","3","4","5","4","3","5","4","2","4","3","5","1","1","6","3","1","5","3","2","3","1","1","6","3","2","3","4","3","4","1","1","6","5","5","2","3","2","3","4","4","4","1","1","4","4","4","4","4","2","3","1","1","5","1","1","6","3","3","3","7","7","1","4","5","2","6","6","1","2","2","5","4","3","5","3","2","3","1","1","5","2","3","4","2","2","6","2","2","5","3","3","5","2","1","5","2","3","5","3","4","2","1","1","6","1","1","6","2","2","3","2","3","5","4","4","2","2","2","5","4","4","3"
90,70,"7","4","2","6","4","2","6","4","2","2","7","3","4","4","2","1","7","3","6","4","2","5","5","2","4","4","3","5","5","2","6","4","2","1","7","2","6","4","3","4","4","3","4","3","5","6","4","2","4","4","3","6","4","2","5","4","2","6","4","2","6","4","2","4","2","5","4","3","3","4","3","3","4","4","5","5","5","3","4","5","3","6","3","1","5","4","3","7","4","2","7","4","3","6","4","3","4","4","3","1","7","2","3","6","4","4","4","3","7","7","2","5","4","2","4","5","2","4","3","4","4","3","3","4","2","5","4","5","2","6","4","2","6","4","2","5","4","2","5","4","2","7","7","2","4","2","3","6","4","2","7","4","2","5","5","2","4","4","2","6","4","2"
91,56,"4","5","2","3","5","2","4","6","1","1","1","6","2","2","5","3","2","6","3","6","5","3","5","4","4","5","2","3","7","2","2","6","5","3","6","2","2","1","6","4","3","2","3","3","4","4","5","4","3","6","4","3","5","3","4","5","2","3","6","2","3","5","1","2","1","6","2","1","6","3","2","5","3","6","5","3","5","4","5","5","3","6","6","1","3","2","6","5","5","2","2","1","6","3","3","5","2","1","6","2","7","5","2","6","5","4","6","2","6","7","2","3","5","2","2","6","4","3","2","3","3","2","4","2","2","4","4","2","3","3","6","1","5","5","1","3","6","1","5","5","2","2","6","1","3","2","3","2","2","4","1","1","6","4","6","2","6","5","1","6","6","2"
92,48,"1","7","2","7","7","1","7","7","1","1","1","3","4","6","1","1","2","1","7","7","6","2","3","6","7","7","6","7","7","4","7","4","6","7","6","1","1","1","5","4","4","3","1","1","6","7","4","6","7","6","2","7","7","6","7","7","1","7","7","1","7","6","4","1","3","4","4","4","6","1","1","6","7","7","1","6","5","3","7","7","1","7","7","1","1","1","6","7","7","1","1","1","6","1","2","6","1","1","6","7","7","1","7","7","4","7","6","6","7","7","1","7","7","5","7","7","1","1","1","3","1","2","1","1","1","3","7","7","6","7","4","4","7","7","1","7","7","1","7","7","3","7","7","1","1","1","6","7","6","2","1","1","6","7","7","1","3","4","6","7","6","4"
93,30,"2","6","5","5","4","5","4","4","3","4","1","6","4","2","3","3","1","6","5","5","2","6","5","5","4","4","3","6","4","3","5","5","5","4","4","2","5","4","5","4","4","4","4","3","2","3","6","2","3","3","2","2","6","3","6","7","1","4","6","3","5","4","3","6","2","6","5","4","4","5","3","3","4","6","5","4","4","2","4","4","4","2","6","4","6","2","4","6","5","5","3","1","6","6","3","4","4","1","5","2","6","6","5","6","5","4","5","4","2","7","5","4","5","2","4","6","5","6","2","5","4","1","6","4","3","4","5","5","1","4","4","4","5","4","4","5","7","1","6","6","2","4","5","2","3","2","3","5","2","5","2","2","5","5","4","5","5","4","2","3","5","3"
94,44,"7","4","2","7","4","3","7","4","2","7","4","5","7","4","4","7","4","5","7","4","2","7","4","3","7","4","3","7","4","3","7","4","2","7","4","3","7","4","5","7","4","2","7","4","2","7","4","3","7","4","2","7","4","3","7","4","1","7","4","2","7","4","1","7","4","4","7","4","3","7","4","4","7","4","1","7","4","3","7","4","2","7","4","3","7","4","2","7","4","1","7","4","4","7","4","4","7","4","4","7","4","1","7","4","4","7","4","2","7","4","1","7","4","4","7","4","2","7","4","5","7","4","2","7","4","3","7","4","2","7","4","3","7","4","2","7","4","1","7","4","2","7","4","2","7","4","3","7","4","4","7","4","3","7","4","2","7","4","3","7","4","2"
95,27,"5","4","2","4","4","5","3","4","2","4","4","3","3","4","3","2","3","3","4","4","3","4","4","5","5","3","4","1","3","3","5","4","4","3","3","3","3","3","3","4","3","5","5","5","3","4","4","3","2","4","3","5","3","4","4","5","1","4","2","4","6","3","3","4","2","4","6","6","4","3","2","3","4","7","1","4","5","3","4","2","3","3","3","3","6","4","4","5","3","4","4","4","2","5","4","4","6","5","2","4","4","3","6","3","3","5","3","5","7","2","6","3","3","4","4","5","3","4","3","3","3","4","4","4","6","4","3","2","3","3","3","4","3","4","4","3","4","3","5","2","2","5","2","5","3","7","3","4","3","3","3","3","4","4","2","3","5","5","2","4","4","2"
96,26,"3","4","5","1","4","6","7","4","4","2","4","2","1","4","1","1","4","5","7","4","6","7","4","5","7","4","4","7","4","5","7","4","5","7","4","4","1","4","4","1","4","5","1","4","5","7","4","6","7","4","6","7","4","5","7","4","4","7","4","4","7","4","2","1","4","6","1","4","6","1","4","5","1","4","5","7","4","5","7","4","5","7","4","4","1","4","5","7","4","4","1","4","4","1","4","5","1","4","6","7","4","6","7","4","4","7","4","5","1","4","2","1","4","5","7","4","2","2","4","6","1","4","4","1","4","4","7","4","5","7","4","5","7","4","4","1","4","5","7","4","5","7","4","3","1","4","2","1","4","1","1","4","1","3","4","5","7","4","6","7","4","1"
97,36,"7","6","2","7","5","2","7","6","2","7","7","2","7","6","2","7","6","2","6","6","2","7","6","2","6","6","2","7","6","2","7","5","2","7","6","2","7","6","2","7","5","2","7","6","2","7","6","2","7","7","2","7","5","2","7","6","2","7","6","2","7","7","2","6","5","2","7","6","2","7","6","2","7","5","2","7","6","2","7","6","2","7","7","2","7","6","2","7","6","2","7","6","2","7","7","2","7","6","2","7","5","2","7","6","2","7","7","2","7","6","2","7","7","4","7","7","6","7","6","2","7","7","1","7","7","2","7","7","2","4","4","3","7","7","6","7","6","2","7","6","2","7","7","1","7","7","2","7","7","2","7","6","2","7","7","2","7","7","2","7","7","2"
98,48,"2","6","2","3","6","2","2","5","2","7","1","6","6","2","5","7","1","6","2","5","2","3","4","3","5","5","2","4","4","3","1","7","1","2","6","2","6","2","2","5","2","4","6","2","5","3","5","2","4","4","3","2","6","2","1","7","1","5","6","2","3","6","2","6","2","4","6","2","5","6","2","5","3","5","2","2","6","2","2","6","2","2","6","2","7","1","5","1","7","1","7","1","5","6","2","5","7","2","5","3","6","2","3","6","2","5","4","3","1","7","1","4","4","3","1","7","1","5","3","3","5","3","4","6","2","4","5","3","4","4","4","3","3","5","2","1","7","1","5","4","4","3","6","2","6","2","4","5","3","3","4","4","3","3","5","2","3","5","2","2","6","2"
99,51,"4","3","4","4","4","4","4","2","4","4","3","4","4","4","2","4","4","5","5","4","4","3","3","3","1","2","2","4","4","4","3","4","4","4","6","3","5","7","5","1","4","5","5","3","4","5","6","4","4","3","3","3","4","4","4","3","4","4","3","2","4","3","4","4","4","4","5","3","3","4","4","3","4","3","4","4","3","4","3","4","4","4","3","4","4","3","3","4","3","4","4","4","4","1","1","3","4","3","4","4","4","3","3","4","4","3","4","4","5","3","3","5","4","3","7","7","2","1","2","3","5","2","3","4","4","5","4","3","4","3","4","4","4","3","3","3","4","5","4","4","4","5","4","4","1","1","6","4","3","4","4","3","4","4","3","4","3","4","3","4","3","4"
100,44,"7","6","4","7","5","4","7","6","4","4","2","3","4","3","4","4","2","4","7","6","4","7","5","4","7","6","4","7","6","4","7","5","3","7","6","4","5","2","4","5","3","4","5","2","4","7","5","3","7","4","4","7","6","4","7","7","4","7","5","4","7","5","4","4","1","3","4","3","4","4","2","3","7","6","4","7","4","4","7","6","4","7","5","4","5","3","4","7","5","4","4","2","4","5","3","4","4","2","4","7","7","4","7","6","4","7","6","4","7","7","4","7","6","4","7","6","4","5","2","4","7","3","3","5","3","4","7","7","4","7","5","4","7","6","4","7","7","4","7","6","4","7","7","1","4","1","3","4","2","3","5","2","4","7","6","4","7","5","4","7","7","3"
101,45,"7","7","1","7","7","1","7","7","1","1","1","6","1","1","6","1","1","6","7","7","6","7","7","1","7","7","1","7","7","1","7","7","1","7","7","1","1","1","6","1","1","1","1","1","6","7","7","1","7","7","1","7","7","1","7","7","1","7","7","1","7","7","1","1","1","6","1","1","6","1","1","1","7","7","6","7","7","1","7","6","6","7","7","1","1","1","6","7","7","1","1","1","1","1","1","6","1","1","1","7","7","1","7","7","1","7","7","1","7","7","1","7","7","6","7","7","6","1","1","6","1","1","6","1","1","6","7","7","1","7","7","1","7","7","1","7","7","1","7","7","1","7","7","1","1","1","6","1","1","6","1","1","6","7","7","1","7","4","1","7","7","1"
102,54,"7","4","4","7","4","4","7","4","4","7","4","4","7","4","4","7","4","4","7","4","4","7","4","4","7","4","4","7","4","4","7","4","4","7","4","4","7","4","4","7","4","4","7","4","4","7","4","4","7","4","4","7","4","4","7","4","4","7","4","4","7","4","4","7","4","4","7","4","4","7","4","4","7","4","4","7","4","4","7","4","4","7","4","4","7","4","3","7","4","4","7","4","4","7","4","3","7","4","4","7","4","4","7","4","4","7","4","4","7","4","4","7","4","4","7","4","4","7","4","4","7","4","4","7","4","4","7","4","3","7","4","4","7","4","4","7","4","4","7","4","4","7","4","4","7","4","4","7","4","4","7","4","3","7","4","4","7","4","4","7","4","4"
103,24,"3","6","4","5","2","1","6","1","1","3","4","1","1","2","1","1","5","1","2","1","2","1","4","1","3","5","4","2","2","2","3","7","2","2","3","3","4","5","1","3","3","2","4","6","3","2","5","2","2","3","5","6","3","3","4","3","3","3","4","3","2","4","3","1","6","4","2","6","3","4","7","1","3","3","1","3","6","2","3","4","4","4","5","1","5","3","4","2","2","2","2","3","2","4","4","4","4","7","4","5","1","2","1","6","2","3","2","3","3","3","2","5","5","3","1","7","5","3","1","1","2","7","2","3","6","4","3","4","3","2","2","2","2","2","2","2","2","4","2","1","2","6","3","3","2","5","3","2","4","3","4","2","6","1","7","3","3","3","4","5","5","2"
104,32,"4","6","5","4","5","6","3","4","5","1","1","6","1","1","6","1","1","6","5","5","5","5","5","5","3","4","4","6","6","5","4","4","5","5","5","5","3","2","6","2","1","6","3","1","6","7","4","5","7","5","2","5","5","6","7","7","3","5","4","5","6","6","5","1","1","6","3","2","6","1","1","6","4","7","6","4","4","5","4","5","4","4","5","5","2","1","6","6","5","4","3","3","5","4","1","6","3","2","6","5","5","3","7","7","2","5","4","6","7","7","3","7","4","6","4","5","6","1","1","6","4","1","6","3","2","6","5","6","5","5","5","5","6","6","4","5","4","5","5","4","6","5","5","6","1","1","6","5","1","6","3","1","6","5","5","5","6","5","5","4","4","6"
105,24,"6","3","4","6","2","4","7","4","1","7","3","5","7","3","4","6","3","5","6","3","4","6","3","4","6","5","4","7","6","2","7","7","1","7","5","2","7","6","2","7","4","4","7","6","2","7","4","3","7","6","1","7","5","2","7","6","2","7","5","2","6","4","4","6","3","4","6","4","4","5","3","4","6","3","4","6","5","3","7","3","4","7","5","3","6","6","2","7","3","4","6","3","2","6","3","4","7","4","4","7","6","3","7","5","3","7","3","5","5","3","5","7","4","1","7","4","5","6","2","5","6","3","3","7","4","4","7","7","2","6","2","5","6","5","4","1","1","6","3","2","5","2","1","6","5","3","4","6","3","3","5","3","5","4","2","5","3","2","5","6","3","4"
106,38,"7","4","6","7","4","5","7","4","6","1","1","6","7","4","4","7","4","6","7","4","6","7","4","5","7","4","6","7","4","5","7","4","6","7","4","5","7","4","6","7","4","6","7","4","6","7","4","5","7","4","4","7","4","3","7","4","5","7","4","4","7","4","5","7","4","6","7","4","6","7","4","6","7","4","4","7","4","1","7","4","1","7","4","4","7","4","4","7","4","5","7","4","6","7","4","6","7","4","6","7","4","6","7","4","6","7","4","6","7","4","4","7","4","4","7","4","4","7","4","6","7","4","1","7","4","6","7","4","3","7","4","5","7","4","6","7","4","4","7","4","4","7","4","1","7","4","3","7","4","1","7","4","4","7","4","6","7","7","1","7","4","5"
107,38,"4","4","4","5","4","4","4","5","4","3","2","5","6","3","3","4","2","4","4","5","3","7","4","6","4","5","5","7","4","4","4","5","4","6","5","3","5","4","4","4","2","5","4","2","4","7","5","4","4","5","6","4","5","4","6","4","1","7","5","3","4","5","3","1","1","6","4","4","4","2","2","4","6","6","2","4","5","2","7","6","1","6","5","4","4","3","4","4","5","1","1","1","6","4","2","4","2","2","5","4","3","2","3","5","3","4","6","5","4","7","6","6","5","4","5","6","2","3","2","4","4","2","5","4","2","5","7","5","1","6","5","5","7","5","5","6","5","3","7","4","4","4","5","2","1","1","6","5","7","2","5","3","4","7","4","3","7","4","5","6","5","5"
108,27,"7","6","2","5","4","3","6","6","2","2","2","5","3","3","6","3","2","5","6","6","2","5","5","3","5","5","3","5","5","3","5","5","5","6","6","2","2","2","5","3","3","5","4","3","5","5","5","3","5","5","2","7","6","3","7","7","1","5","5","3","7","7","1","3","3","5","3","3","5","3","2","4","7","7","1","5","5","3","7","7","1","7","7","3","3","2","5","6","6","5","1","1","4","3","3","5","2","2","5","7","7","1","7","7","1","7","5","4","7","6","2","5","4","4","7","7","1","1","1","5","3","3","5","3","2","6","6","6","2","5","5","5","5","5","3","7","7","1","5","5","3","7","6","4","1","2","5","3","2","5","2","2","5","5","5","2","5","5","3","5","5","3"
